verse_id	version
43003001	KJV
43003003	KJV
43003008	KJV
43003021	KJV
43003024	KJV
43003026	KJV
1001001	KJV
1001005	KJV
1001008	KJV
1001013	KJV
1001019	KJV
1001023	KJV
1002001	KJV
1002003	KJV
1002007	KJV
1002017	KJV
1003001	KJV
1003021	KJV
1004001	KJV
1004008	KJV
1004015	KJV
1004018	KJV
1004024	KJV
1005001	KJV
1005002	KJV
1005005	KJV
1005008	KJV
1005011	KJV
1005014	KJV
1005017	KJV
1005020	KJV
1005024	KJV
1005027	KJV
1006001	KJV
1006004	KJV
1006008	KJV
1006012	KJV
1007001	KJV
1007006	KJV
1007010	KJV
1008001	KJV
1008005	KJV
1008012	KJV
1008014	KJV
1008019	KJV
1009001	KJV
1009007	KJV
1009017	KJV
1009019	KJV
1009027	KJV
1010001	KJV
1010001	KJV
1010005	KJV
1010014	KJV
1010020	KJV
1011001	KJV
1011009	KJV
1011026	KJV
1012001	KJV
1012005	KJV
1012009	KJV
1012013	KJV
1013001	KJV
1013004	KJV
1013013	KJV
1014001	KJV
1014012	KJV
1014016	KJV
1015001	KJV
1015011	KJV
1016001	KJV
1016003	KJV
1016006	KJV
1016014	KJV
1017001	KJV
1017008	KJV
1017014	KJV
1017022	KJV
1018001	KJV
1018008	KJV
1018015	KJV
1018022	KJV
1019001	KJV
1019003	KJV
1019011	KJV
1019014	KJV
1019016	KJV
1019022	KJV
1019028	KJV
1019029	KJV
1020001	KJV
1020007	KJV
1020016	KJV
1021001	KJV
1021007	KJV
1021013	KJV
1021021	KJV
1021032	KJV
1022001	KJV
1022002	KJV
1022008	KJV
1022014	KJV
1022019	KJV
1023001	KJV
1023002	KJV
1023016	KJV
1024001	KJV
1024009	KJV
1024014	KJV
1024028	KJV
1024031	KJV
1024049	KJV
1024060	KJV
1025001	KJV
1025004	KJV
1025011	KJV
1025017	KJV
1025018	KJV
1025023	KJV
1025028	KJV
1026001	KJV
1026005	KJV
1026016	KJV
1026022	KJV
1026025	KJV
1026033	KJV
1027001	KJV
1027005	KJV
1027017	KJV
1027029	KJV
1027040	KJV
1027045	KJV
1028001	KJV
1028005	KJV
1028009	KJV
1028017	KJV
1029001	KJV
1029008	KJV
1029012	KJV
1029020	KJV
1029030	KJV
1030001	KJV
1030008	KJV
1030013	KJV
1030021	KJV
1030024	KJV
1030036	KJV
1031001	KJV
1031003	KJV
1031016	KJV
1031021	KJV
1031024	KJV
1031032	KJV
1031035	KJV
1031042	KJV
1031044	KJV
1031053	KJV
1032001	KJV
1032002	KJV
1032005	KJV
1032008	KJV
1032012	KJV
1032021	KJV
1033001	KJV
1033011	KJV
1033017	KJV
1034001	KJV
1034005	KJV
1034019	KJV
1034024	KJV
1035001	KJV
1035005	KJV
1035008	KJV
1035015	KJV
1035020	KJV
1035026	KJV
1036001	KJV
1036008	KJV
1036014	KJV
1036019	KJV
1036030	KJV
1036039	KJV
1037001	KJV
1037004	KJV
1037008	KJV
1037011	KJV
1037014	KJV
1037022	KJV
1037028	KJV
1038001	KJV
1038011	KJV
1038023	KJV
1038026	KJV
1039001	KJV
1039006	KJV
1039020	KJV
1040001	KJV
1040004	KJV
1040008	KJV
1040015	KJV
1040019	KJV
1041001	KJV
1041008	KJV
1041013	KJV
1041024	KJV
1041036	KJV
1041045	KJV
1041052	KJV
1042001	KJV
1042002	KJV
1042017	KJV
1042025	KJV
1042028	KJV
1042034	KJV
1043001	KJV
1043014	KJV
1043025	KJV
1044001	KJV
1044005	KJV
1044013	KJV
1044017	KJV
1045001	KJV
1045015	KJV
1045024	KJV
1046001	KJV
1046007	KJV
1046027	KJV
1047001	KJV
1047010	KJV
1047012	KJV
1047019	KJV
1047020	KJV
1047026	KJV
1048001	KJV
1048007	KJV
1048016	KJV
1049001	KJV
1049027	KJV
1050001	KJV
1050003	KJV
1050006	KJV
1050014	KJV
1050021	KJV
2001001	KJV
2001007	KJV
2001014	KJV
2002001	KJV
2002004	KJV
2002010	KJV
2002015	KJV
2002022	KJV
2003001	KJV
2003006	KJV
2003012	KJV
2004001	KJV
2004005	KJV
2004009	KJV
2004017	KJV
2004023	KJV
2004026	KJV
2004028	KJV
2005001	KJV
2005009	KJV
2005014	KJV
2005019	KJV
2006001	KJV
2006008	KJV
2006013	KJV
2006027	KJV
2007001	KJV
2007007	KJV
2007013	KJV
2007019	KJV
2008001	KJV
2008004	KJV
2008007	KJV
2008015	KJV
2008019	KJV
2008024	KJV
2009001	KJV
2009007	KJV
2009012	KJV
2009021	KJV
2009026	KJV
2010001	KJV
2010011	KJV
2010015	KJV
2010020	KJV
2010023	KJV
2010026	KJV
2011001	KJV
2011003	KJV
2011008	KJV
2012001	KJV
2012010	KJV
2012017	KJV
2012020	KJV
2012028	KJV
2012030	KJV
2012036	KJV
2012039	KJV
2012042	KJV
2013001	KJV
2013002	KJV
2013004	KJV
2013007	KJV
2013010	KJV
2013013	KJV
2013016	KJV
2013019	KJV
2014001	KJV
2014004	KJV
2014009	KJV
2014012	KJV
2014014	KJV
2014018	KJV
2014022	KJV
2014025	KJV
2015001	KJV
2015021	KJV
2015026	KJV
2016001	KJV
2016003	KJV
2016008	KJV
2016010	KJV
2016014	KJV
2016021	KJV
2016026	KJV
2016031	KJV
2017001	KJV
2017007	KJV
2018001	KJV
2018006	KJV
2018012	KJV
2018016	KJV
2018023	KJV
2019001	KJV
2019006	KJV
2019009	KJV
2019013	KJV
2019015	KJV
2020001	KJV
2020001	KJV
2020002	KJV
2020003	KJV
2020006	KJV
2020007	KJV
2020011	KJV
2020012	KJV
2020013	KJV
2020014	KJV
2020015	KJV
2020016	KJV
2020017	KJV
2020021	KJV
2021001	KJV
2021001	KJV
2021006	KJV
2021011	KJV
2021014	KJV
2021015	KJV
2021016	KJV
2021017	KJV
2021019	KJV
2021021	KJV
2021025	KJV
2021027	KJV
2021032	KJV
2021034	KJV
2022001	KJV
2022001	KJV
2022004	KJV
2022005	KJV
2022006	KJV
2022009	KJV
2022013	KJV
2022015	KJV
2022017	KJV
2022018	KJV
2022019	KJV
2022020	KJV
2022021	KJV
2022024	KJV
2022027	KJV
2022028	KJV
2022030	KJV
2023001	KJV
2023003	KJV
2023005	KJV
2023009	KJV
2023013	KJV
2023017	KJV
2023019	KJV
2024001	KJV
2024002	KJV
2024008	KJV
2024011	KJV
2025001	KJV
2025009	KJV
2025022	KJV
2025030	KJV
2026001	KJV
2026006	KJV
2026014	KJV
2026025	KJV
2026030	KJV
2026035	KJV
2027001	KJV
2027008	KJV
2027019	KJV
2028001	KJV
2028005	KJV
2028012	KJV
2028014	KJV
2028021	KJV
2028025	KJV
2028029	KJV
2028030	KJV
2028035	KJV
2028039	KJV
2029001	KJV
2029009	KJV
2029014	KJV
2029018	KJV
2029025	KJV
2029028	KJV
2029030	KJV
2029034	KJV
2029037	KJV
2030001	KJV
2030010	KJV
2030016	KJV
2030021	KJV
2030033	KJV
2031001	KJV
2031011	KJV
2031017	KJV
2032001	KJV
2032006	KJV
2032014	KJV
2032018	KJV
2032024	KJV
2032029	KJV
2033001	KJV
2033003	KJV
2033006	KJV
2033011	KJV
2033016	KJV
2034001	KJV
2034003	KJV
2034009	KJV
2034017	KJV
2034020	KJV
2034024	KJV
2034026	KJV
2034028	KJV
2035001	KJV
2035003	KJV
2035009	KJV
2035019	KJV
2035029	KJV
2036001	KJV
2036001	KJV
2036007	KJV
2036013	KJV
2036019	KJV
2036030	KJV
2036034	KJV
2037001	KJV
2037005	KJV
2037009	KJV
2037016	KJV
2037024	KJV
2037028	KJV
2038001	KJV
2038007	KJV
2038008	KJV
2038020	KJV
2038023	KJV
2039001	KJV
2039001	KJV
2039005	KJV
2039007	KJV
2039021	KJV
2039026	KJV
2039029	KJV
2039031	KJV
2039032	KJV
2040001	KJV
2040016	KJV
2040033	KJV
3001001	KJV
3001002	KJV
3001009	KJV
3001013	KJV
3002001	KJV
3002003	KJV
3002011	KJV
3002013	KJV
3003001	KJV
3003005	KJV
3003011	KJV
3004001	KJV
3004002	KJV
3004012	KJV
3004021	KJV
3004026	KJV
3005001	KJV
3005010	KJV
3005013	KJV
3006001	KJV
3006007	KJV
3006013	KJV
3006018	KJV
3006023	KJV
3007001	KJV
3007007	KJV
3007010	KJV
3007015	KJV
3007018	KJV
3007021	KJV
3007027	KJV
3007034	KJV
3007036	KJV
3008001	KJV
3008005	KJV
3008009	KJV
3008013	KJV
3008017	KJV
3008021	KJV
3008030	KJV
3009001	KJV
3009004	KJV
3009007	KJV
3009014	KJV
3009021	KJV
3010001	KJV
3010007	KJV
3010011	KJV
3010015	KJV
3011001	KJV
3011002	KJV
3011008	KJV
3011012	KJV
3011028	KJV
3012001	KJV
3013001	KJV
3013008	KJV
3013017	KJV
3013023	KJV
3013028	KJV
3013037	KJV
3013046	KJV
3014001	KJV
3014032	KJV
3015001	KJV
3015018	KJV
3016001	KJV
3016014	KJV
3016019	KJV
3016028	KJV
3017001	KJV
3017002	KJV
3017007	KJV
3017009	KJV
3018001	KJV
3018005	KJV
3019001	KJV
3019002	KJV
3019003	KJV
3019004	KJV
3019008	KJV
3019010	KJV
3019011	KJV
3019012	KJV
3019013	KJV
3019014	KJV
3019015	KJV
3019016	KJV
3019017	KJV
3019018	KJV
3019019	KJV
3019022	KJV
3019025	KJV
3019028	KJV
3019029	KJV
3019030	KJV
3019031	KJV
3019032	KJV
3019034	KJV
3020001	KJV
3020005	KJV
3020006	KJV
3020008	KJV
3020009	KJV
3020021	KJV
3020026	KJV
3021001	KJV
3021009	KJV
3021015	KJV
3022001	KJV
3022009	KJV
3022013	KJV
3022016	KJV
3022025	KJV
3023001	KJV
3023003	KJV
3023008	KJV
3023014	KJV
3023022	KJV
3023025	KJV
3023032	KJV
3024001	KJV
3024004	KJV
3024009	KJV
3024016	KJV
3024022	KJV
3025001	KJV
3025007	KJV
3025017	KJV
3025022	KJV
3025024	KJV
3025034	KJV
3025038	KJV
3025046	KJV
3026001	KJV
3026002	KJV
3026013	KJV
3026020	KJV
3026043	KJV
3026045	KJV
3027001	KJV
3027013	KJV
3027025	KJV
4001001	KJV
4001019	KJV
4001021	KJV
4001023	KJV
4001025	KJV
4001027	KJV
4001029	KJV
4001031	KJV
4001033	KJV
4001035	KJV
4001037	KJV
4001039	KJV
4001041	KJV
4001043	KJV
4001046	KJV
4002001	KJV
4002009	KJV
4002016	KJV
4002017	KJV
4002024	KJV
4002031	KJV
4003001	KJV
4003004	KJV
4003010	KJV
4003013	KJV
4003020	KJV
4003026	KJV
4003032	KJV
4003037	KJV
4003039	KJV
4003043	KJV
4004001	KJV
4004016	KJV
4004020	KJV
4004028	KJV
4004033	KJV
4004041	KJV
4004045	KJV
4005001	KJV
4005004	KJV
4005010	KJV
4005015	KJV
4005022	KJV
4005028	KJV
4006001	KJV
4006004	KJV
4006005	KJV
4006008	KJV
4006012	KJV
4006021	KJV
4006026	KJV
4007001	KJV
4007011	KJV
4007017	KJV
4007023	KJV
4007029	KJV
4007035	KJV
4007041	KJV
4007047	KJV
4007053	KJV
4007059	KJV
4007065	KJV
4007071	KJV
4007077	KJV
4007083	KJV
4007088	KJV
4008001	KJV
4008004	KJV
4008013	KJV
4008019	KJV
4008022	KJV
4009001	KJV
4009008	KJV
4009014	KJV
4010001	KJV
4010010	KJV
4010013	KJV
4010016	KJV
4010020	KJV
4010024	KJV
4010028	KJV
4010032	KJV
4010034	KJV
4011001	KJV
4011003	KJV
4011009	KJV
4011015	KJV
4011023	KJV
4011025	KJV
4011030	KJV
4012001	KJV
4012003	KJV
4012008	KJV
4012015	KJV
4013001	KJV
4013016	KJV
4013020	KJV
4013024	KJV
4013029	KJV
4014001	KJV
4014003	KJV
4014010	KJV
4014012	KJV
4014019	KJV
4014025	KJV
4014035	KJV
4014039	KJV
4015001	KJV
4015010	KJV
4015016	KJV
4015021	KJV
4015026	KJV
4015031	KJV
4015036	KJV
4016001	KJV
4016003	KJV
4016011	KJV
4016014	KJV
4016019	KJV
4016024	KJV
4016030	KJV
4016035	KJV
4016040	KJV
4017001	KJV
4017007	KJV
4017011	KJV
4018001	KJV
4018007	KJV
4018020	KJV
4018024	KJV
4019001	KJV
4019010	KJV
4019013	KJV
4019019	KJV
4020001	KJV
4020001	KJV
4020009	KJV
4020013	KJV
4020021	KJV
4021001	KJV
4021003	KJV
4021009	KJV
4021015	KJV
4021018	KJV
4021020	KJV
4021030	KJV
4021032	KJV
4022001	KJV
4022001	KJV
4022006	KJV
4022014	KJV
4022020	KJV
4022030	KJV
4022035	KJV
4022040	KJV
4023001	KJV
4023010	KJV
4023012	KJV
4023024	KJV
4023026	KJV
4024001	KJV
4024009	KJV
4025001	KJV
4025005	KJV
4025009	KJV
4025013	KJV
4025015	KJV
4026001	KJV
4026004	KJV
4026011	KJV
4026014	KJV
4026018	KJV
4026022	KJV
4026025	KJV
4026027	KJV
4026034	KJV
4026037	KJV
4026041	KJV
4026043	KJV
4026047	KJV
4026049	KJV
4026051	KJV
4026056	KJV
4026062	KJV
4027001	KJV
4027005	KJV
4027011	KJV
4027014	KJV
4028001	KJV
4028008	KJV
4028010	KJV
4028015	KJV
4028025	KJV
4029001	KJV
4029006	KJV
4029011	KJV
4029016	KJV
4029019	KJV
4029022	KJV
4029025	KJV
4029028	KJV
4029031	KJV
4029034	KJV
4029038	KJV
4030001	KJV
4030005	KJV
4030008	KJV
4030012	KJV
4031001	KJV
4031012	KJV
4031020	KJV
4031024	KJV
4031031	KJV
4031041	KJV
4031047	KJV
4032001	KJV
4032005	KJV
4032015	KJV
4032019	KJV
4032027	KJV
4032033	KJV
4033001	KJV
4033004	KJV
4033037	KJV
4033039	KJV
4033043	KJV
4033049	KJV
4034001	KJV
4034005	KJV
4034006	KJV
4034009	KJV
4034012	KJV
4034015	KJV
4035001	KJV
4035008	KJV
4035015	KJV
4035021	KJV
4035028	KJV
4036001	KJV
4036004	KJV
4036009	KJV
4036012	KJV
5001001	KJV
5001008	KJV
5001018	KJV
5001025	KJV
5001033	KJV
5001040	KJV
5002001	KJV
5002007	KJV
5002015	KJV
5002025	KJV
5003001	KJV
5003011	KJV
5003017	KJV
5003022	KJV
5004001	KJV
5004008	KJV
5004014	KJV
5004024	KJV
5004031	KJV
5004040	KJV
5004043	KJV
5005001	KJV
5005005	KJV
5005006	KJV
5005007	KJV
5005010	KJV
5005011	KJV
5005015	KJV
5005016	KJV
5005017	KJV
5005018	KJV
5005019	KJV
5005020	KJV
5005021	KJV
5005027	KJV
5006001	KJV
5006003	KJV
5006009	KJV
5006015	KJV
5006019	KJV
5007001	KJV
5007005	KJV
5007011	KJV
5007016	KJV
5008001	KJV
5008010	KJV
5009001	KJV
5009005	KJV
5009024	KJV
5010001	KJV
5010011	KJV
5011001	KJV
5011007	KJV
5011012	KJV
5011017	KJV
5011025	KJV
5012001	KJV
5012001	KJV
5012014	KJV
5012019	KJV
5012028	KJV
5013001	KJV
5013005	KJV
5013011	KJV
5014001	KJV
5014002	KJV
5014010	KJV
5014020	KJV
5014021	KJV
5014027	KJV
5015001	KJV
5015006	KJV
5015011	KJV
5015018	KJV
5016001	KJV
5016008	KJV
5016012	KJV
5016017	KJV
5016020	KJV
5017001	KJV
5017007	KJV
5017013	KJV
5017017	KJV
5018001	KJV
5018005	KJV
5018008	KJV
5018014	KJV
5018019	KJV
5019001	KJV
5019003	KJV
5019010	KJV
5019013	KJV
5019014	KJV
5020001	KJV
5020009	KJV
5020018	KJV
5021001	KJV
5021009	KJV
5021014	KJV
5021017	KJV
5021021	KJV
5022001	KJV
5022004	KJV
5022007	KJV
5022008	KJV
5022011	KJV
5022012	KJV
5022021	KJV
5022022	KJV
5022024	KJV
5022027	KJV
5022029	KJV
5023001	KJV
5023001	KJV
5023002	KJV
5023006	KJV
5023008	KJV
5023014	KJV
5023016	KJV
5023018	KJV
5023020	KJV
5023023	KJV
5024001	KJV
5024004	KJV
5024005	KJV
5024006	KJV
5024007	KJV
5024009	KJV
5024013	KJV
5024015	KJV
5024016	KJV
5024018	KJV
5025001	KJV
5025003	KJV
5025004	KJV
5025010	KJV
5025012	KJV
5025016	KJV
5026001	KJV
5026011	KJV
5026015	KJV
5027001	KJV
5027008	KJV
5027010	KJV
5027013	KJV
5027014	KJV
5027015	KJV
5027016	KJV
5027017	KJV
5027018	KJV
5027019	KJV
5027020	KJV
5027021	KJV
5027022	KJV
5027023	KJV
5027024	KJV
5027025	KJV
5028001	KJV
5028006	KJV
5028014	KJV
5028019	KJV
5028024	KJV
5028035	KJV
5028046	KJV
5028057	KJV
5029001	KJV
5029001	KJV
5029009	KJV
5029013	KJV
5030001	KJV
5030010	KJV
5030014	KJV
5031001	KJV
5031006	KJV
5031008	KJV
5031013	KJV
5031019	KJV
5031023	KJV
5031027	KJV
5031029	KJV
5032043	KJV
5032047	KJV
5033001	KJV
5034001	KJV
5034004	KJV
5034008	KJV
5034009	KJV
6001001	KJV
6001009	KJV
6001011	KJV
6002001	KJV
6002007	KJV
6002014	KJV
6002021	KJV
6003001	KJV
6003006	KJV
6003013	KJV
6004001	KJV
6004007	KJV
6004014	KJV
6004018	KJV
6005001	KJV
6005001	KJV
6005009	KJV
6005012	KJV
6006001	KJV
6006007	KJV
6006011	KJV
6006014	KJV
6006021	KJV
6007001	KJV
6007001	KJV
6007005	KJV
6007009	KJV
6007015	KJV
6007021	KJV
6008001	KJV
6008002	KJV
6008009	KJV
6008017	KJV
6008023	KJV
6008029	KJV
6009001	KJV
6009002	KJV
6009015	KJV
6009021	KJV
6010001	KJV
6010005	KJV
6010011	KJV
6010014	KJV
6010015	KJV
6010021	KJV
6010027	KJV
6010028	KJV
6010030	KJV
6010032	KJV
6010033	KJV
6010035	KJV
6010037	KJV
6010039	KJV
6011001	KJV
6011005	KJV
6011009	KJV
6011015	KJV
6011020	KJV
6012001	KJV
6012006	KJV
6013001	KJV
6013014	KJV
6013023	KJV
6013028	KJV
6013031	KJV
6014001	KJV
6014005	KJV
6014012	KJV
6015001	KJV
6015012	KJV
6015019	KJV
6015020	KJV
6015047	KJV
6015062	KJV
6016001	KJV
6016004	KJV
6017001	KJV
6017006	KJV
6017013	KJV
6018001	KJV
6018007	KJV
6018010	KJV
6018020	KJV
6019001	KJV
6019009	KJV
6019016	KJV
6019023	KJV
6019031	KJV
6019039	KJV
6019048	KJV
6019050	KJV
6020001	KJV
6020006	KJV
6021001	KJV
6021003	KJV
6021007	KJV
6021012	KJV
6021019	KJV
6021026	KJV
6021033	KJV
6021040	KJV
6021042	KJV
6022001	KJV
6022006	KJV
6022009	KJV
6022012	KJV
6022020	KJV
6022029	KJV
6023001	KJV
6023013	KJV
6024001	KJV
6024013	KJV
6024015	KJV
6024018	KJV
6024028	KJV
6024031	KJV
7001001	KJV
7001007	KJV
7001010	KJV
7001015	KJV
7001021	KJV
7001026	KJV
7001028	KJV
7001029	KJV
7001030	KJV
7001032	KJV
7001033	KJV
7002001	KJV
7002005	KJV
7002010	KJV
7002015	KJV
7003001	KJV
7003006	KJV
7003011	KJV
7003014	KJV
7003023	KJV
7003025	KJV
7003030	KJV
7004001	KJV
7004003	KJV
7004010	KJV
7004011	KJV
7004016	KJV
7004022	KJV
7005001	KJV
7006001	KJV
7006006	KJV
7006010	KJV
7006018	KJV
7006024	KJV
7006027	KJV
7006032	KJV
7006035	KJV
7007001	KJV
7007001	KJV
7007003	KJV
7007008	KJV
7007014	KJV
7007018	KJV
7007023	KJV
7008001	KJV
7008003	KJV
7008009	KJV
7008012	KJV
7008017	KJV
7008021	KJV
7008028	KJV
7008032	KJV
7009001	KJV
7009006	KJV
7009021	KJV
7009025	KJV
7009029	KJV
7009033	KJV
7009040	KJV
7009045	KJV
7009049	KJV
7010001	KJV
7010002	KJV
7010005	KJV
7010009	KJV
7010016	KJV
7011001	KJV
7011003	KJV
7011011	KJV
7011028	KJV
7011033	KJV
7012001	KJV
7012006	KJV
7012007	KJV
7012010	KJV
7012012	KJV
7013001	KJV
7013001	KJV
7013007	KJV
7013014	KJV
7013020	KJV
7014001	KJV
7014004	KJV
7014009	KJV
7014014	KJV
7015001	KJV
7015008	KJV
7015013	KJV
7016001	KJV
7016003	KJV
7016009	KJV
7016012	KJV
7016014	KJV
7016017	KJV
7016022	KJV
7016027	KJV
7017001	KJV
7017006	KJV
7018001	KJV
7018006	KJV
7018010	KJV
7018013	KJV
7018020	KJV
7018026	KJV
7018029	KJV
7019001	KJV
7019004	KJV
7019009	KJV
7019015	KJV
7019021	KJV
7019026	KJV
7020001	KJV
7020007	KJV
7020011	KJV
7020016	KJV
7020018	KJV
7020023	KJV
7020028	KJV
7020035	KJV
7021001	KJV
7021007	KJV
7021012	KJV
7021015	KJV
7021024	KJV
8001001	KJV
8001005	KJV
8001014	KJV
8001018	KJV
8002001	KJV
8002007	KJV
8002013	KJV
8002016	KJV
8003001	KJV
8003005	KJV
8003013	KJV
8004001	KJV
8004006	KJV
8004012	KJV
8004017	KJV
9001001	KJV
9001008	KJV
9001011	KJV
9001018	KJV
9001020	KJV
9002001	KJV
9002011	KJV
9002017	KJV
9002021	KJV
9002026	KJV
9003001	KJV
9003009	KJV
9003014	KJV
9003018	KJV
9004001	KJV
9004004	KJV
9004011	KJV
9004018	KJV
9005001	KJV
9005005	KJV
9005009	KJV
9006001	KJV
9006009	KJV
9006016	KJV
9006018	KJV
9007001	KJV
9007002	KJV
9007004	KJV
9007011	KJV
9007014	KJV
9008001	KJV
9008003	KJV
9008009	KJV
9008018	KJV
9009001	KJV
9009010	KJV
9009014	KJV
9009021	KJV
9009024	KJV
9010001	KJV
9010008	KJV
9010013	KJV
9010016	KJV
9010025	KJV
9011001	KJV
9011003	KJV
9011005	KJV
9011011	KJV
9012001	KJV
9012005	KJV
9012018	KJV
9013001	KJV
9013004	KJV
9013007	KJV
9013014	KJV
9013018	KJV
9014001	KJV
9014005	KJV
9014016	KJV
9014023	KJV
9014030	KJV
9014035	KJV
9014042	KJV
9014046	KJV
9014048	KJV
9014051	KJV
9015001	KJV
9015003	KJV
9015009	KJV
9015016	KJV
9015023	KJV
9015031	KJV
9015033	KJV
9016001	KJV
9016005	KJV
9016013	KJV
9017001	KJV
9017011	KJV
9017016	KJV
9017019	KJV
9017027	KJV
9017030	KJV
9017040	KJV
9017049	KJV
9017054	KJV
9018001	KJV
9018005	KJV
9018009	KJV
9018016	KJV
9018021	KJV
9018029	KJV
9019001	KJV
9019007	KJV
9019017	KJV
9020001	KJV
9020010	KJV
9020016	KJV
9020023	KJV
9020029	KJV
9020034	KJV
9021001	KJV
9021006	KJV
9022001	KJV
9022002	KJV
9022005	KJV
9022010	KJV
9022019	KJV
9023001	KJV
9023006	KJV
9023014	KJV
9023018	KJV
9023023	KJV
9024001	KJV
9024007	KJV
9024015	KJV
9025001	KJV
9025001	KJV
9025008	KJV
9025013	KJV
9025017	KJV
9025022	KJV
9025031	KJV
9025035	KJV
9025038	KJV
9025042	KJV
9026001	KJV
9026005	KJV
9026012	KJV
9026016	KJV
9026020	KJV
9027001	KJV
9027004	KJV
9027007	KJV
9028001	KJV
9028002	KJV
9028006	KJV
9028007	KJV
9028014	KJV
9028019	KJV
9029001	KJV
9029005	KJV
9030001	KJV
9030006	KJV
9030010	KJV
9030015	KJV
9030020	KJV
9030025	KJV
9031001	KJV
9031006	KJV
10001001	KJV
10001010	KJV
10001016	KJV
10002001	KJV
10002004	KJV
10002007	KJV
10002011	KJV
10002017	KJV
10002023	KJV
10002029	KJV
10003001	KJV
10003001	KJV
10003005	KJV
10003011	KJV
10003016	KJV
10003021	KJV
10003026	KJV
10003030	KJV
10004001	KJV
10004003	KJV
10004004	KJV
10005001	KJV
10005003	KJV
10005005	KJV
10005010	KJV
10005012	KJV
10005016	KJV
10005021	KJV
10006001	KJV
10006005	KJV
10006011	KJV
10006015	KJV
10006019	KJV
10007001	KJV
10007003	KJV
10007017	KJV
10008001	KJV
10008002	KJV
10008008	KJV
10008014	KJV
10009001	KJV
10009008	KJV
10010001	KJV
10010005	KJV
10010008	KJV
10010014	KJV
10011001	KJV
10011001	KJV
10011005	KJV
10011013	KJV
10011021	KJV
10011025	KJV
10012001	KJV
10012006	KJV
10012015	KJV
10012023	KJV
10012025	KJV
10013001	KJV
10013006	KJV
10013014	KJV
10013019	KJV
10013022	KJV
10013029	KJV
10013033	KJV
10013036	KJV
10014001	KJV
10014003	KJV
10014007	KJV
10014011	KJV
10014017	KJV
10014020	KJV
10014024	KJV
10014027	KJV
10015001	KJV
10015006	KJV
10015012	KJV
10015018	KJV
10015023	KJV
10015029	KJV
10016001	KJV
10016004	KJV
10016008	KJV
10016014	KJV
10016019	KJV
10017001	KJV
10017004	KJV
10017014	KJV
10017020	KJV
10017023	KJV
10017026	KJV
10018001	KJV
10018005	KJV
10018008	KJV
10018015	KJV
10018018	KJV
10018023	KJV
10018027	KJV
10018030	KJV
10019001	KJV
10019008	KJV
10019010	KJV
10019015	KJV
10019020	KJV
10019023	KJV
10019030	KJV
10019039	KJV
10020001	KJV
10020002	KJV
10020003	KJV
10020010	KJV
10020013	KJV
10020022	KJV
10021001	KJV
10021006	KJV
10021009	KJV
10021011	KJV
10021014	KJV
10021017	KJV
10022001	KJV
10023001	KJV
10023007	KJV
10023008	KJV
10023010	KJV
10023012	KJV
10023017	KJV
10023023	KJV
10024001	KJV
10024009	KJV
10024014	KJV
10024017	KJV
11001001	KJV
11001004	KJV
11001010	KJV
11001014	KJV
11001021	KJV
11001027	KJV
11001031	KJV
11001037	KJV
11001040	KJV
11001049	KJV
11002001	KJV
11002009	KJV
11002012	KJV
11002018	KJV
11002025	KJV
11002027	KJV
11002035	KJV
11002038	KJV
11003001	KJV
11003004	KJV
11003009	KJV
11003015	KJV
11003022	KJV
11004001	KJV
11004006	KJV
11004019	KJV
11004028	KJV
11005001	KJV
11005006	KJV
11005012	KJV
11006001	KJV
11006001	KJV
11006010	KJV
11006013	KJV
11006022	KJV
11006028	KJV
11006036	KJV
11007001	KJV
11007008	KJV
11007012	KJV
11007022	KJV
11007026	KJV
11007037	KJV
11007039	KJV
11007047	KJV
11007050	KJV
11008001	KJV
11008011	KJV
11008021	KJV
11008026	KJV
11008030	KJV
11008032	KJV
11008034	KJV
11008036	KJV
11008040	KJV
11008043	KJV
11008045	KJV
11008053	KJV
11008061	KJV
11009001	KJV
11009009	KJV
11009014	KJV
11009023	KJV
11009024	KJV
11009025	KJV
11010001	KJV
11010010	KJV
11010012	KJV
11010013	KJV
11010022	KJV
11010025	KJV
11011001	KJV
11011008	KJV
11011013	KJV
11011022	KJV
11011025	KJV
11011040	KJV
11012001	KJV
11012005	KJV
11012011	KJV
11012015	KJV
11012020	KJV
11012024	KJV
11012025	KJV
11013001	KJV
11013010	KJV
11013019	KJV
11013025	KJV
11013032	KJV
11014001	KJV
11014005	KJV
11014016	KJV
11014020	KJV
11014024	KJV
11014028	KJV
11015001	KJV
11015006	KJV
11015008	KJV
11015015	KJV
11015022	KJV
11015024	KJV
11015026	KJV
11015030	KJV
11015032	KJV
11016001	KJV
11016004	KJV
11016007	KJV
11016014	KJV
11016020	KJV
11016028	KJV
11017001	KJV
11017007	KJV
11017016	KJV
11018001	KJV
11018006	KJV
11018015	KJV
11018019	KJV
11018024	KJV
11018029	KJV
11018040	KJV
11019001	KJV
11019003	KJV
11019008	KJV
11019014	KJV
11019018	KJV
11020001	KJV
11020006	KJV
11020012	KJV
11020015	KJV
11020021	KJV
11020025	KJV
11020030	KJV
11020034	KJV
11021001	KJV
11021004	KJV
11021010	KJV
11021016	KJV
11021026	KJV
11022001	KJV
11022004	KJV
11022012	KJV
11022023	KJV
11022028	KJV
11022036	KJV
11022040	KJV
11022044	KJV
11022050	KJV
12001001	KJV
12001002	KJV
12001004	KJV
12001008	KJV
12001012	KJV
12001016	KJV
12002001	KJV
12002008	KJV
12002014	KJV
12002018	KJV
12002022	KJV
12003001	KJV
12003003	KJV
12003012	KJV
12003020	KJV
12004001	KJV
12004007	KJV
12004017	KJV
12004025	KJV
12004031	KJV
12004037	KJV
12004041	KJV
12005001	KJV
12005007	KJV
12005014	KJV
12005019	KJV
12006001	KJV
12006007	KJV
12006013	KJV
12006019	KJV
12006023	KJV
12006031	KJV
12007002	KJV
12007008	KJV
12007015	KJV
12008001	KJV
12008006	KJV
12008015	KJV
12008019	KJV
12008024	KJV
12009001	KJV
12009010	KJV
12009013	KJV
12009016	KJV
12009020	KJV
12009026	KJV
12009028	KJV
12009029	KJV
12010001	KJV
12010007	KJV
12010011	KJV
12010014	KJV
12010017	KJV
12010024	KJV
12010028	KJV
12010031	KJV
12011001	KJV
12011003	KJV
12011009	KJV
12011012	KJV
12011016	KJV
12012001	KJV
12012003	KJV
12012008	KJV
12012016	KJV
12012018	KJV
12013001	KJV
12013009	KJV
12013013	KJV
12013019	KJV
12013021	KJV
12014001	KJV
12014004	KJV
12014007	KJV
12014010	KJV
12014014	KJV
12014016	KJV
12014022	KJV
12014027	KJV
12015001	KJV
12015007	KJV
12015012	KJV
12015016	KJV
12015022	KJV
12015026	KJV
12015031	KJV
12016001	KJV
12016004	KJV
12016006	KJV
12016009	KJV
12016016	KJV
12017001	KJV
12017006	KJV
12017018	KJV
12017023	KJV
12017026	KJV
12017033	KJV
12018001	KJV
12018008	KJV
12018012	KJV
12018018	KJV
12018025	KJV
12018035	KJV
12019001	KJV
12019004	KJV
12019007	KJV
12019013	KJV
12019019	KJV
12019024	KJV
12019028	KJV
12019034	KJV
12020001	KJV
12020007	KJV
12020011	KJV
12020013	KJV
12020015	KJV
12020019	KJV
12021001	KJV
12021009	KJV
12021015	KJV
12021018	KJV
12022001	KJV
12022002	KJV
12022007	KJV
12022013	KJV
12023001	KJV
12023003	KJV
12023014	KJV
12023016	KJV
12023020	KJV
12023023	KJV
12023025	KJV
12023027	KJV
12023030	KJV
12023035	KJV
12024001	KJV
12024007	KJV
12024009	KJV
12024017	KJV
12025001	KJV
12025007	KJV
12025012	KJV
12025017	KJV
12025021	KJV
12025026	KJV
13001001	KJV
13001004	KJV
13001007	KJV
13001016	KJV
13001027	KJV
13001031	KJV
13001033	KJV
13001034	KJV
13001037	KJV
13001042	KJV
13001051	KJV
13002001	KJV
13002002	KJV
13002004	KJV
13002008	KJV
13002017	KJV
13002020	KJV
13002024	KJV
13002041	KJV
13002049	KJV
13003001	KJV
13003009	KJV
13004001	KJV
13004008	KJV
13004010	KJV
13004023	KJV
13004038	KJV
13005001	KJV
13005010	KJV
13005017	KJV
13005022	KJV
13005024	KJV
13006001	KJV
13006015	KJV
13006030	KJV
13006048	KJV
13006053	KJV
13006060	KJV
13006065	KJV
13006070	KJV
13006076	KJV
13007001	KJV
13007005	KJV
13007012	KJV
13007013	KJV
13007019	KJV
13007027	KJV
13007029	KJV
13008001	KJV
13008028	KJV
13008032	KJV
13009001	KJV
13009009	KJV
13009013	KJV
13009016	KJV
13009027	KJV
13009034	KJV
13010001	KJV
13010006	KJV
13010012	KJV
13011001	KJV
13011003	KJV
13011009	KJV
13011014	KJV
13011019	KJV
13011021	KJV
13011025	KJV
13012001	KJV
13012007	KJV
13012015	KJV
13012018	KJV
13012022	KJV
13012037	KJV
13013001	KJV
13013008	KJV
13014001	KJV
13014002	KJV
13014007	KJV
13014012	KJV
13015001	KJV
13015015	KJV
13015024	KJV
13015028	KJV
13016001	KJV
13016003	KJV
13016006	KJV
13016036	KJV
13017001	KJV
13017002	KJV
13017015	KJV
13018001	KJV
13018002	KJV
13018004	KJV
13018008	KJV
13018011	KJV
13018013	KJV
13019001	KJV
13019005	KJV
13019009	KJV
13019015	KJV
13020001	KJV
13020003	KJV
13021001	KJV
13021008	KJV
13021017	KJV
13021027	KJV
13022001	KJV
13022001	KJV
13022005	KJV
13022016	KJV
13023001	KJV
13023001	KJV
13023006	KJV
13023011	KJV
13023020	KJV
13023023	KJV
13024001	KJV
13024019	KJV
13025001	KJV
13025008	KJV
13026001	KJV
13026011	KJV
13026019	KJV
13026028	KJV
13027001	KJV
13027015	KJV
13027024	KJV
13027031	KJV
13028001	KJV
13028008	KJV
13028010	KJV
13028019	KJV
13029001	KJV
13029005	KJV
13029009	KJV
13029019	KJV
13029022	KJV
13029025	KJV
14001001	KJV
14001006	KJV
14001013	KJV
14002001	KJV
14002002	KJV
14002010	KJV
14002016	KJV
14003001	KJV
14003002	KJV
14003007	KJV
14003009	KJV
14003014	KJV
14004001	KJV
14004001	KJV
14004006	KJV
14004011	KJV
14004017	KJV
14005001	KJV
14005001	KJV
14005010	KJV
14006001	KJV
14006003	KJV
14006011	KJV
14006017	KJV
14006021	KJV
14006023	KJV
14006025	KJV
14006027	KJV
14006031	KJV
14006033	KJV
14006035	KJV
14006039	KJV
14007001	KJV
14007003	KJV
14007007	KJV
14007010	KJV
14007018	KJV
14008001	KJV
14008002	KJV
14008006	KJV
14008010	KJV
14008011	KJV
14008013	KJV
14008015	KJV
14008016	KJV
14009001	KJV
14009008	KJV
14009012	KJV
14009014	KJV
14009021	KJV
14009028	KJV
14010001	KJV
14010005	KJV
14010011	KJV
14010015	KJV
14011001	KJV
14011004	KJV
14011012	KJV
14011017	KJV
14012001	KJV
14012004	KJV
14012008	KJV
14012012	KJV
14012014	KJV
14013001	KJV
14013003	KJV
14013012	KJV
14014001	KJV
14014008	KJV
14015001	KJV
14015007	KJV
14015015	KJV
14016001	KJV
14016006	KJV
14016010	KJV
14017001	KJV
14017006	KJV
14017009	KJV
14017011	KJV
14018001	KJV
14018003	KJV
14018011	KJV
14018022	KJV
14018027	KJV
14019001	KJV
14019003	KJV
14019007	KJV
14020001	KJV
14020004	KJV
14020013	KJV
14020019	KJV
14020023	KJV
14020030	KJV
14020034	KJV
14021001	KJV
14021007	KJV
14021010	KJV
14021015	KJV
14021017	KJV
14022001	KJV
14022006	KJV
14022009	KJV
14023001	KJV
14023007	KJV
14023011	KJV
14023015	KJV
14024001	KJV
14024003	KJV
14024007	KJV
14024014	KJV
14024019	KJV
14024022	KJV
14024024	KJV
14025001	KJV
14025004	KJV
14025013	KJV
14025016	KJV
14025019	KJV
14025024	KJV
14026001	KJV
14026005	KJV
14026015	KJV
14026021	KJV
14027001	KJV
14027006	KJV
14028001	KJV
14028004	KJV
14028007	KJV
14028015	KJV
14028021	KJV
14028025	KJV
14029001	KJV
14029002	KJV
14029011	KJV
14029015	KJV
14029019	KJV
14029024	KJV
14029028	KJV
14029030	KJV
14030001	KJV
14030009	KJV
14030012	KJV
14030022	KJV
14031001	KJV
14031004	KJV
14031010	KJV
14031019	KJV
14032001	KJV
14032008	KJV
14032015	KJV
14032020	KJV
14032023	KJV
14032026	KJV
14032031	KJV
14033001	KJV
14033002	KJV
14033009	KJV
14033013	KJV
14033017	KJV
14033020	KJV
14034001	KJV
14034002	KJV
14034013	KJV
14034021	KJV
14034028	KJV
14035001	KJV
14035006	KJV
14035009	KJV
14035015	KJV
14035019	KJV
14035025	KJV
14036001	KJV
14036004	KJV
14036008	KJV
14036010	KJV
14036016	KJV
14036021	KJV
15001001	KJV
15001004	KJV
15002001	KJV
15002002	KJV
15002035	KJV
15002039	KJV
15002042	KJV
15002054	KJV
15002058	KJV
15002063	KJV
15002067	KJV
15002069	KJV
15003001	KJV
15003007	KJV
15004001	KJV
15004006	KJV
15004010	KJV
15004016	KJV
15004022	KJV
15005001	KJV
15005005	KJV
15006001	KJV
15006005	KJV
15006012	KJV
15006015	KJV
15006018	KJV
15007001	KJV
15007010	KJV
15007026	KJV
15008001	KJV
15008014	KJV
15008020	KJV
15008023	KJV
15008030	KJV
15008032	KJV
15008034	KJV
15009001	KJV
15009004	KJV
15010001	KJV
15010005	KJV
15010008	KJV
15010015	KJV
15010017	KJV
15010022	KJV
15010023	KJV
15010024	KJV
16001001	KJV
16001003	KJV
16002001	KJV
16002008	KJV
16002011	KJV
16002016	KJV
16002018	KJV
16003001	KJV
16003005	KJV
16003012	KJV
16003014	KJV
16003027	KJV
16004001	KJV
16004006	KJV
16004008	KJV
16004014	KJV
16004020	KJV
16005001	KJV
16005005	KJV
16005013	KJV
16006001	KJV
16006009	KJV
16006014	KJV
16007001	KJV
16007004	KJV
16007007	KJV
16007038	KJV
16007042	KJV
16007045	KJV
16007056	KJV
16007060	KJV
16007065	KJV
16007069	KJV
16007072	KJV
16008001	KJV
16008008	KJV
16008012	KJV
16008015	KJV
16009001	KJV
16009004	KJV
16009015	KJV
16009025	KJV
16009031	KJV
16010001	KJV
16010027	KJV
16010031	KJV
16011001	KJV
16011002	KJV
16011006	KJV
16011009	KJV
16011014	KJV
16011018	KJV
16011019	KJV
16011021	KJV
16011024	KJV
16012001	KJV
16012007	KJV
16012011	KJV
16012021	KJV
16012026	KJV
16012030	KJV
16012037	KJV
16012043	KJV
16013001	KJV
16013003	KJV
16013009	KJV
16013014	KJV
16013018	KJV
16013022	KJV
16013027	KJV
16013029	KJV
17001001	KJV
17001008	KJV
17001012	KJV
17002001	KJV
17002004	KJV
17002007	KJV
17002011	KJV
17002015	KJV
17002018	KJV
17002020	KJV
17003001	KJV
17003006	KJV
17003011	KJV
17004001	KJV
17004003	KJV
17004008	KJV
17004012	KJV
17004014	KJV
17005001	KJV
17005004	KJV
17005008	KJV
17006001	KJV
17006003	KJV
17006009	KJV
17007001	KJV
17007004	KJV
17007006	KJV
17008001	KJV
17008002	KJV
17008008	KJV
17008014	KJV
17009001	KJV
17009010	KJV
17009019	KJV
17009025	KJV
17009028	KJV
17010001	KJV
18001001	KJV
18001005	KJV
18001012	KJV
18001019	KJV
18002001	KJV
18002006	KJV
18002010	KJV
18003001	KJV
18004001	KJV
18006001	KJV
18008001	KJV
18009001	KJV
18011001	KJV
18012001	KJV
18015001	KJV
18016001	KJV
18018001	KJV
18019001	KJV
18020001	KJV
18021001	KJV
18022001	KJV
18023001	KJV
18025001	KJV
18026001	KJV
18027001	KJV
18029001	KJV
18031040	KJV
18032001	KJV
18032005	KJV
18034001	KJV
18035001	KJV
18036001	KJV
18038001	KJV
18040002	KJV
18040005	KJV
18042001	KJV
18042006	KJV
20001001	KJV
20010001	KJV
20025001	KJV
20030001	KJV
20031001	KJV
21001001	KJV
21001011	KJV
21002001	KJV
21002011	KJV
21002017	KJV
21002023	KJV
21003001	KJV
21003015	KJV
21004001	KJV
21004003	KJV
21004006	KJV
21004012	KJV
21005001	KJV
21005007	KJV
21005009	KJV
21005012	KJV
21005017	KJV
21006001	KJV
21006006	KJV
21006009	KJV
21007001	KJV
21007004	KJV
21007007	KJV
21007010	KJV
21007014	KJV
21007018	KJV
21007022	KJV
21008001	KJV
21008008	KJV
21008013	KJV
21008015	KJV
21009001	KJV
21009001	KJV
21009003	KJV
21009006	KJV
21009010	KJV
21009012	KJV
21010001	KJV
21010007	KJV
21010011	KJV
21010015	KJV
21011001	KJV
21011008	KJV
21012001	KJV
21012010	KJV
21012012	KJV
22001001	KJV
23001001	KJV
23001009	KJV
23001017	KJV
23001020	KJV
23001023	KJV
23002001	KJV
23002004	KJV
23002009	KJV
23002018	KJV
23003001	KJV
23003007	KJV
23003015	KJV
23004001	KJV
23005001	KJV
23005002	KJV
23005007	KJV
23005010	KJV
23005017	KJV
23005019	KJV
23005020	KJV
23005024	KJV
23006001	KJV
23006004	KJV
23006008	KJV
23007001	KJV
23007002	KJV
23007009	KJV
23007017	KJV
23007019	KJV
23007020	KJV
23007022	KJV
23008001	KJV
23008004	KJV
23008008	KJV
23008010	KJV
23008015	KJV
23008018	KJV
23009001	KJV
23009007	KJV
23009012	KJV
23009017	KJV
23010001	KJV
23010004	KJV
23010011	KJV
23010014	KJV
23010019	KJV
23010023	KJV
23010027	KJV
23010032	KJV
23011001	KJV
23011005	KJV
23011009	KJV
23011010	KJV
23011011	KJV
23012001	KJV
23012002	KJV
23013001	KJV
23013005	KJV
23013008	KJV
23013016	KJV
23014001	KJV
23014002	KJV
23014008	KJV
23014011	KJV
23014015	KJV
23014019	KJV
23014021	KJV
23014023	KJV
23014027	KJV
23014028	KJV
23014030	KJV
23015001	KJV
23015001	KJV
23015003	KJV
23015006	KJV
23016001	KJV
23016005	KJV
23016008	KJV
23016012	KJV
23017001	KJV
23017001	KJV
23017003	KJV
23017006	KJV
23017009	KJV
23017011	KJV
23018001	KJV
23018003	KJV
23019001	KJV
23019001	KJV
23019004	KJV
23019010	KJV
23019015	KJV
23019017	KJV
23019018	KJV
23019022	KJV
23019023	KJV
23020001	KJV
23021001	KJV
23021001	KJV
23021005	KJV
23021009	KJV
23021010	KJV
23021011	KJV
23021012	KJV
23021013	KJV
23022001	KJV
23022001	KJV
23022005	KJV
23022011	KJV
23022014	KJV
23023001	KJV
23023001	KJV
23023007	KJV
23023009	KJV
23023014	KJV
23023016	KJV
23024001	KJV
23024006	KJV
23024016	KJV
23024020	KJV
23025001	KJV
23025005	KJV
23025008	KJV
23026001	KJV
23026006	KJV
23026010	KJV
23026015	KJV
23026019	KJV
23027001	KJV
23027001	KJV
23027006	KJV
23027011	KJV
23027012	KJV
23028001	KJV
23028006	KJV
23028008	KJV
23028013	KJV
23028017	KJV
23028022	KJV
23029001	KJV
23029004	KJV
23029008	KJV
23029012	KJV
23029014	KJV
23029016	KJV
23029021	KJV
23030001	KJV
23030005	KJV
23030007	KJV
23030011	KJV
23030014	KJV
23030017	KJV
23030022	KJV
23030026	KJV
23031001	KJV
23031003	KJV
23031005	KJV
23032001	KJV
23032008	KJV
23032015	KJV
23033001	KJV
23033002	KJV
23033004	KJV
23033006	KJV
23033009	KJV
23033012	KJV
23033016	KJV
23034001	KJV
23034004	KJV
23034007	KJV
23034012	KJV
23034015	KJV
23035001	KJV
23035002	KJV
23035004	KJV
23035007	KJV
23036001	KJV
23036003	KJV
23036010	KJV
23036012	KJV
23036020	KJV
23036021	KJV
23037001	KJV
23037004	KJV
23037007	KJV
23037013	KJV
23037020	KJV
23037025	KJV
23037029	KJV
23037032	KJV
23037035	KJV
23038001	KJV
23038008	KJV
23038020	KJV
23038021	KJV
23039001	KJV
23039002	KJV
23039004	KJV
23040001	KJV
23040002	KJV
23040005	KJV
23040008	KJV
23040011	KJV
23040017	KJV
23040026	KJV
23041001	KJV
23041007	KJV
23041016	KJV
23041020	KJV
23041024	KJV
23042001	KJV
23042004	KJV
23042009	KJV
23042013	KJV
23042017	KJV
23042022	KJV
23043001	KJV
23043007	KJV
23043013	KJV
23043021	KJV
23043024	KJV
23044001	KJV
23044005	KJV
23044008	KJV
23044011	KJV
23044017	KJV
23044020	KJV
23044023	KJV
23045001	KJV
23045007	KJV
23045008	KJV
23045010	KJV
23045013	KJV
23045017	KJV
23045019	KJV
23046001	KJV
23046002	KJV
23046007	KJV
23046011	KJV
23047001	KJV
23047007	KJV
23047011	KJV
23048001	KJV
23048011	KJV
23048016	KJV
23048019	KJV
23049001	KJV
23049004	KJV
23049006	KJV
23049007	KJV
23049013	KJV
23049021	KJV
23049023	KJV
23050001	KJV
23050003	KJV
23050009	KJV
23051001	KJV
23051003	KJV
23051006	KJV
23051008	KJV
23051011	KJV
23051016	KJV
23051020	KJV
23052001	KJV
23052003	KJV
23052006	KJV
23052010	KJV
23052012	KJV
23053001	KJV
23053003	KJV
23053006	KJV
23053009	KJV
23054001	KJV
23054003	KJV
23054006	KJV
23054010	KJV
23054014	KJV
23055001	KJV
23055005	KJV
23055009	KJV
23056001	KJV
23056002	KJV
23056005	KJV
23057001	KJV
23057002	KJV
23057010	KJV
23057014	KJV
23058001	KJV
23058005	KJV
23058008	KJV
23058012	KJV
23059001	KJV
23059008	KJV
23059011	KJV
23059015	KJV
23059019	KJV
23060001	KJV
23060003	KJV
23060009	KJV
23060014	KJV
23060018	KJV
23061001	KJV
23061003	KJV
23061006	KJV
23061009	KJV
23062001	KJV
23062003	KJV
23062005	KJV
23062009	KJV
23063001	KJV
23063006	KJV
23063010	KJV
23063014	KJV
23064001	KJV
23064004	KJV
23064007	KJV
23065001	KJV
23065007	KJV
23065012	KJV
23065016	KJV
23066001	KJV
23066004	KJV
23066009	KJV
23066014	KJV
23066017	KJV
23066021	KJV
24001001	KJV
24001003	KJV
24001010	KJV
24001012	KJV
24002001	KJV
24002003	KJV
24002008	KJV
24002013	KJV
24002019	KJV
24002025	KJV
24002028	KJV
24002032	KJV
24003001	KJV
24003005	KJV
24003010	KJV
24003013	KJV
24003018	KJV
24003020	KJV
24003022	KJV
24004001	KJV
24004002	KJV
24004004	KJV
24004008	KJV
24004012	KJV
24004018	KJV
24004022	KJV
24004026	KJV
24005001	KJV
24005003	KJV
24005006	KJV
24005009	KJV
24005013	KJV
24005017	KJV
24005019	KJV
24005029	KJV
24006001	KJV
24006005	KJV
24006008	KJV
24006015	KJV
24006021	KJV
24006023	KJV
24007001	KJV
24007007	KJV
24007011	KJV
24007014	KJV
24007015	KJV
24007019	KJV
24007020	KJV
24007026	KJV
24007028	KJV
24008001	KJV
24008003	KJV
24008007	KJV
24008013	KJV
24008017	KJV
24009001	KJV
24009003	KJV
24009006	KJV
24009009	KJV
24009012	KJV
24009016	KJV
24009022	KJV
24009024	KJV
24010001	KJV
24010005	KJV
24010010	KJV
24010011	KJV
24010016	KJV
24010018	KJV
24010022	KJV
24011001	KJV
24011005	KJV
24011008	KJV
24011014	KJV
24011017	KJV
24012001	KJV
24012004	KJV
24012006	KJV
24012013	KJV
24013001	KJV
24013007	KJV
24013011	KJV
24013014	KJV
24013017	KJV
24013019	KJV
24014001	KJV
24014001	KJV
24014006	KJV
24014009	KJV
24014012	KJV
24014018	KJV
24015001	KJV
24015004	KJV
24015009	KJV
24015014	KJV
24015018	KJV
24016001	KJV
24016004	KJV
24016009	KJV
24016013	KJV
24016015	KJV
24016018	KJV
24016020	KJV
24017001	KJV
24017003	KJV
24017004	KJV
24017008	KJV
24017011	KJV
24017018	KJV
24017023	KJV
24018001	KJV
24018004	KJV
24018012	KJV
24018017	KJV
24018018	KJV
24019001	KJV
24019009	KJV
24019013	KJV
24020001	KJV
24020006	KJV
24020013	KJV
24021001	KJV
24021002	KJV
24021007	KJV
24021010	KJV
24021012	KJV
24022001	KJV
24022009	KJV
24022012	KJV
24022019	KJV
24022023	KJV
24022027	KJV
24023001	KJV
24023004	KJV
24023008	KJV
24023012	KJV
24023015	KJV
24023022	KJV
24023031	KJV
24023032	KJV
24024001	KJV
24024003	KJV
24024007	KJV
24025001	KJV
24025011	KJV
24025014	KJV
24025026	KJV
24025029	KJV
24025031	KJV
24025033	KJV
24026001	KJV
24026007	KJV
24026009	KJV
24026011	KJV
24026015	KJV
24026016	KJV
24026019	KJV
24027001	KJV
24027011	KJV
24027015	KJV
24028001	KJV
24028004	KJV
24028011	KJV
24029001	KJV
24029014	KJV
24029020	KJV
24029023	KJV
24029029	KJV
24030001	KJV
24030003	KJV
24030011	KJV
24030017	KJV
24030022	KJV
24031001	KJV
24031006	KJV
24031009	KJV
24031014	KJV
24031017	KJV
24031020	KJV
24031022	KJV
24031026	KJV
24031030	KJV
24031034	KJV
24031037	KJV
24032001	KJV
24032005	KJV
24032015	KJV
24032025	KJV
24032035	KJV
24033001	KJV
24033009	KJV
24033011	KJV
24033013	KJV
24033018	KJV
24033022	KJV
24034001	KJV
24034005	KJV
24034007	KJV
24034011	KJV
24034016	KJV
24035001	KJV
24035002	KJV
24035005	KJV
24035011	KJV
24035017	KJV
24036001	KJV
24036003	KJV
24036008	KJV
24036010	KJV
24036019	KJV
24036026	KJV
24036031	KJV
24037001	KJV
24037002	KJV
24037005	KJV
24037010	KJV
24037015	KJV
24037020	KJV
24038001	KJV
24038003	KJV
24038006	KJV
24038013	KJV
24038016	KJV
24038018	KJV
24038023	KJV
24039001	KJV
24039003	KJV
24039010	KJV
24039014	KJV
24040001	KJV
24040006	KJV
24040010	KJV
24040012	KJV
24040015	KJV
24041001	KJV
24041003	KJV
24041006	KJV
24041009	KJV
24041010	KJV
24041015	KJV
24042001	KJV
24042003	KJV
24042004	KJV
24042006	KJV
24042017	KJV
24043001	KJV
24043003	KJV
24043007	KJV
24044001	KJV
24044010	KJV
24044014	KJV
24044019	KJV
24044023	KJV
24045001	KJV
24046001	KJV
24046002	KJV
24046006	KJV
24046009	KJV
24046012	KJV
24046016	KJV
24046018	KJV
24046019	KJV
24046023	KJV
24046026	KJV
24047001	KJV
24048001	KJV
24048002	KJV
24048006	KJV
24048010	KJV
24048013	KJV
24048017	KJV
24048024	KJV
24048028	KJV
24048033	KJV
24048036	KJV
24048039	KJV
24048044	KJV
24049001	KJV
24049002	KJV
24049006	KJV
24049011	KJV
24049013	KJV
24049019	KJV
24049022	KJV
24049027	KJV
24049030	KJV
24049033	KJV
24050001	KJV
24050003	KJV
24050005	KJV
24050007	KJV
24050010	KJV
24050013	KJV
24050016	KJV
24050020	KJV
24050025	KJV
24050028	KJV
24050030	KJV
24050032	KJV
24050034	KJV
24050038	KJV
24050040	KJV
24050043	KJV
24051001	KJV
24051005	KJV
24051010	KJV
24051014	KJV
24051019	KJV
24051024	KJV
24051026	KJV
24051029	KJV
24051033	KJV
24051037	KJV
24051040	KJV
24051044	KJV
24051049	KJV
24051053	KJV
24051058	KJV
24051064	KJV
24052001	KJV
24052003	KJV
24052011	KJV
24052016	KJV
24052023	KJV
24052027	KJV
24052030	KJV
26001001	KJV
26001003	KJV
26001014	KJV
26001021	KJV
26001025	KJV
26002001	KJV
26002007	KJV
26002008	KJV
26003001	KJV
26003003	KJV
26003011	KJV
26003015	KJV
26003021	KJV
26004001	KJV
26004003	KJV
26004004	KJV
26004008	KJV
26005001	KJV
26005004	KJV
26005013	KJV
26006001	KJV
26006007	KJV
26006010	KJV
26007001	KJV
26007004	KJV
26007009	KJV
26007013	KJV
26007022	KJV
26008001	KJV
26008004	KJV
26008006	KJV
26008012	KJV
26009001	KJV
26009004	KJV
26009008	KJV
26009009	KJV
26010001	KJV
26010002	KJV
26010008	KJV
26010014	KJV
26010017	KJV
26010019	KJV
26011001	KJV
26011004	KJV
26011013	KJV
26011021	KJV
26012001	KJV
26012007	KJV
26012016	KJV
26012020	KJV
26012025	KJV
26013001	KJV
26013007	KJV
26013008	KJV
26013009	KJV
26013016	KJV
26013019	KJV
26014001	KJV
26014005	KJV
26014006	KJV
26014011	KJV
26014020	KJV
26015001	KJV
26016001	KJV
26016005	KJV
26016014	KJV
26016022	KJV
26016029	KJV
26016034	KJV
26016043	KJV
26016052	KJV
26016059	KJV
26017001	KJV
26017006	KJV
26017010	KJV
26017021	KJV
26018001	KJV
26018004	KJV
26018009	KJV
26018013	KJV
26018018	KJV
26018020	KJV
26018023	KJV
26019001	KJV
26019009	KJV
26020001	KJV
26020009	KJV
26020017	KJV
26020026	KJV
26020029	KJV
26020032	KJV
26020039	KJV
26020044	KJV
26021001	KJV
26021007	KJV
26021013	KJV
26021017	KJV
26021023	KJV
26021027	KJV
26022001	KJV
26022005	KJV
26022012	KJV
26022022	KJV
26023001	KJV
26023004	KJV
26023008	KJV
26023010	KJV
26023021	KJV
26023027	KJV
26023029	KJV
26023035	KJV
26023045	KJV
26024001	KJV
26024005	KJV
26024008	KJV
26024014	KJV
26024018	KJV
26024024	KJV
26025001	KJV
26025007	KJV
26025011	KJV
26025014	KJV
26026001	KJV
26026006	KJV
26026007	KJV
26026014	KJV
26026018	KJV
26027001	KJV
26027011	KJV
26027025	KJV
26028001	KJV
26028010	KJV
26028019	KJV
26028024	KJV
26029001	KJV
26029007	KJV
26029012	KJV
26029016	KJV
26029020	KJV
26030001	KJV
26030005	KJV
26030009	KJV
26030012	KJV
26030019	KJV
26031001	KJV
26031009	KJV
26031014	KJV
26031017	KJV
26032001	KJV
26032002	KJV
26032008	KJV
26032010	KJV
26032016	KJV
26032021	KJV
26032023	KJV
26032025	KJV
26032030	KJV
26033001	KJV
26033006	KJV
26033009	KJV
26033011	KJV
26033012	KJV
26033016	KJV
26033020	KJV
26033022	KJV
26033029	KJV
26034001	KJV
26034006	KJV
26034010	KJV
26034016	KJV
26034019	KJV
26034024	KJV
26035001	KJV
26035009	KJV
26036001	KJV
26036007	KJV
26036015	KJV
26036019	KJV
26036021	KJV
26036032	KJV
26036036	KJV
26037001	KJV
26037006	KJV
26037010	KJV
26037014	KJV
26037023	KJV
26038001	KJV
26038006	KJV
26038009	KJV
26038012	KJV
26038013	KJV
26038016	KJV
26039001	KJV
26039010	KJV
26039016	KJV
26039020	KJV
26039024	KJV
26040001	KJV
26040004	KJV
26040005	KJV
26040016	KJV
26040019	KJV
26040023	KJV
26040027	KJV
26040031	KJV
26040034	KJV
26040037	KJV
26040038	KJV
26040041	KJV
26040043	KJV
26040047	KJV
26041001	KJV
26041004	KJV
26041011	KJV
26041014	KJV
26041017	KJV
26041020	KJV
26042001	KJV
26042009	KJV
26042012	KJV
26042014	KJV
26043001	KJV
26043004	KJV
26043009	KJV
26043012	KJV
26043016	KJV
26043017	KJV
26044001	KJV
26044003	KJV
26044008	KJV
26044014	KJV
26044027	KJV
26045001	KJV
26045006	KJV
26045008	KJV
26045012	KJV
26045017	KJV
26045020	KJV
26046001	KJV
26046005	KJV
26046008	KJV
26046012	KJV
26046015	KJV
26046018	KJV
26046020	KJV
26047001	KJV
26047002	KJV
26047005	KJV
26047012	KJV
26047014	KJV
26047020	KJV
26048001	KJV
26048007	KJV
26048012	KJV
26048014	KJV
26048020	KJV
26048029	KJV
27001001	KJV
27001002	KJV
27001007	KJV
27001010	KJV
27001013	KJV
27001016	KJV
27002001	KJV
27002003	KJV
27002006	KJV
27002009	KJV
27002013	KJV
27002016	KJV
27002023	KJV
27002024	KJV
27002026	KJV
27002030	KJV
27002035	KJV
27002045	KJV
27002047	KJV
27003001	KJV
27003007	KJV
27003012	KJV
27003015	KJV
27003018	KJV
27003023	KJV
27003025	KJV
27003027	KJV
27004001	KJV
27004003	KJV
27004007	KJV
27004018	KJV
27004027	KJV
27004033	KJV
27005001	KJV
27005004	KJV
27005007	KJV
27005009	KJV
27005012	KJV
27005016	KJV
27005019	KJV
27005024	KJV
27005029	KJV
27006001	KJV
27006003	KJV
27006009	KJV
27006011	KJV
27006013	KJV
27006015	KJV
27006018	KJV
27006020	KJV
27006023	KJV
27006024	KJV
27006027	KJV
27007001	KJV
27007008	KJV
27007012	KJV
27007014	KJV
27007022	KJV
27007027	KJV
27008001	KJV
27008004	KJV
27008008	KJV
27008014	KJV
27008017	KJV
27009001	KJV
27009002	KJV
27009015	KJV
27009019	KJV
27009023	KJV
27010001	KJV
27010006	KJV
27010009	KJV
27010011	KJV
27010017	KJV
27010019	KJV
27011001	KJV
27011001	KJV
27011004	KJV
27011006	KJV
27011019	KJV
27011028	KJV
27011035	KJV
27011039	KJV
27012001	KJV
27012004	KJV
27012008	KJV
28001001	KJV
28001001	KJV
28001009	KJV
28002001	KJV
28002007	KJV
28002013	KJV
28002018	KJV
28003001	KJV
28003003	KJV
28004001	KJV
28004005	KJV
28004010	KJV
28004014	KJV
28005001	KJV
28005002	KJV
28005007	KJV
28005009	KJV
28006001	KJV
28006003	KJV
28006006	KJV
28006010	KJV
28007001	KJV
28007007	KJV
28008001	KJV
28008002	KJV
28008004	KJV
28008006	KJV
28008010	KJV
28009001	KJV
28009004	KJV
28009009	KJV
28009014	KJV
28010001	KJV
28010003	KJV
28010006	KJV
28010008	KJV
28010011	KJV
28010013	KJV
28011001	KJV
28011002	KJV
28011004	KJV
28011007	KJV
28011011	KJV
28012001	KJV
28012001	KJV
28012006	KJV
28012009	KJV
28013001	KJV
28013003	KJV
28013008	KJV
28013014	KJV
28014001	KJV
28014003	KJV
28014008	KJV
29001001	KJV
29001001	KJV
29001003	KJV
29001004	KJV
29001007	KJV
29001012	KJV
29002001	KJV
29002003	KJV
29002011	KJV
29002014	KJV
29002017	KJV
29002020	KJV
29002027	KJV
29002029	KJV
29003001	KJV
29003003	KJV
29003008	KJV
29003013	KJV
29003017	KJV
30001001	KJV
30001002	KJV
30001005	KJV
30001008	KJV
30001010	KJV
30001012	KJV
30002001	KJV
30002003	KJV
30002005	KJV
30002008	KJV
30002012	KJV
30003001	KJV
30003002	KJV
30003004	KJV
30003008	KJV
30003012	KJV
30004001	KJV
30004003	KJV
30004005	KJV
30004010	KJV
30004011	KJV
30005001	KJV
30005003	KJV
30005009	KJV
30005013	KJV
30005015	KJV
30005017	KJV
30005020	KJV
30005022	KJV
30005024	KJV
30006001	KJV
30006006	KJV
30006011	KJV
30007001	KJV
30007003	KJV
30007006	KJV
30007009	KJV
30007013	KJV
30008001	KJV
30008003	KJV
30008010	KJV
30009001	KJV
30009004	KJV
30009006	KJV
30009008	KJV
30009010	KJV
30009012	KJV
31001001	KJV
31001004	KJV
31001009	KJV
31001014	KJV
31001016	KJV
31001018	KJV
32001001	KJV
32001003	KJV
32001010	KJV
32001016	KJV
32002001	KJV
32003001	KJV
32003004	KJV
32003009	KJV
32004001	KJV
32004005	KJV
32004008	KJV
33001001	KJV
33001001	KJV
33001009	KJV
33002001	KJV
33002003	KJV
33002006	KJV
33002011	KJV
33003001	KJV
33003004	KJV
33003007	KJV
33003008	KJV
33004001	KJV
33004005	KJV
33004008	KJV
33004010	KJV
33005001	KJV
33005001	KJV
33005004	KJV
33005006	KJV
33005009	KJV
33006001	KJV
33006005	KJV
33006008	KJV
33006015	KJV
33007001	KJV
33007006	KJV
33007010	KJV
33007013	KJV
33007017	KJV
34001001	KJV
34001001	KJV
34001008	KJV
34001010	KJV
34001013	KJV
34001014	KJV
34002001	KJV
34002002	KJV
34002007	KJV
34003001	KJV
34003004	KJV
34003007	KJV
34003013	KJV
34003017	KJV
35001001	KJV
35001004	KJV
35001008	KJV
35001011	KJV
35001014	KJV
35002001	KJV
35002004	KJV
35002008	KJV
35002011	KJV
35002014	KJV
35002017	KJV
35003001	KJV
35003019	KJV
36001001	KJV
36001001	KJV
36001006	KJV
36001011	KJV
36001013	KJV
36002001	KJV
36002003	KJV
36002007	KJV
36002011	KJV
36003001	KJV
36003004	KJV
36003007	KJV
36003008	KJV
36003013	KJV
37001001	KJV
37001002	KJV
37001006	KJV
37001011	KJV
37002001	KJV
37002005	KJV
37002009	KJV
37002014	KJV
37002017	KJV
37002019	KJV
38001001	KJV
38001002	KJV
38001006	KJV
38001011	KJV
38001017	KJV
38002001	KJV
38002005	KJV
38003001	KJV
38003005	KJV
38004001	KJV
38004003	KJV
38004007	KJV
38004010	KJV
38005001	KJV
38005003	KJV
38005004	KJV
38006001	KJV
38006007	KJV
38006008	KJV
38007001	KJV
38007007	KJV
38007010	KJV
38008001	KJV
38008008	KJV
38008013	KJV
38008017	KJV
38009001	KJV
38009004	KJV
38009007	KJV
38009008	KJV
38009010	KJV
38009014	KJV
38010001	KJV
38010002	KJV
38010005	KJV
38010007	KJV
38010010	KJV
38011001	KJV
38011003	KJV
38011009	KJV
38011014	KJV
38012001	KJV
38012001	KJV
38012005	KJV
38012007	KJV
38012009	KJV
38013001	KJV
38013003	KJV
38013006	KJV
38014001	KJV
38014003	KJV
38014008	KJV
38014011	KJV
38014015	KJV
38014019	KJV
39001001	KJV
39001005	KJV
39001009	KJV
39001011	KJV
39002001	KJV
39002004	KJV
39002009	KJV
39002013	KJV
39002016	KJV
39003001	KJV
39003003	KJV
39003006	KJV
39003007	KJV
39003012	KJV
39003015	KJV
39004001	KJV
39004003	KJV
40001001	KJV
40001001	KJV
40001016	KJV
40001017	KJV
40002001	KJV
40002002	KJV
40002007	KJV
40002010	KJV
40002012	KJV
40002015	KJV
40002018	KJV
40003001	KJV
40003006	KJV
40003012	KJV
40004001	KJV
40004011	KJV
40004016	KJV
40004017	KJV
40004022	KJV
40005001	KJV
40005002	KJV
40005003	KJV
40005004	KJV
40005005	KJV
40005006	KJV
40005007	KJV
40005008	KJV
40005009	KJV
40005010	KJV
40005012	KJV
40005016	KJV
40005020	KJV
40005026	KJV
40005032	KJV
40005037	KJV
40005042	KJV
40006001	KJV
40006004	KJV
40006015	KJV
40006018	KJV
40006023	KJV
40007001	KJV
40007005	KJV
40007006	KJV
40007012	KJV
40007014	KJV
40007020	KJV
40007023	KJV
40008001	KJV
40008004	KJV
40008013	KJV
40008015	KJV
40008017	KJV
40008022	KJV
40008027	KJV
40009001	KJV
40009008	KJV
40009009	KJV
40009013	KJV
40009017	KJV
40009019	KJV
40009026	KJV
40009031	KJV
40009035	KJV
40010001	KJV
40010004	KJV
40010015	KJV
40010025	KJV
40010033	KJV
40010039	KJV
40011001	KJV
40011001	KJV
40011006	KJV
40011015	KJV
40011019	KJV
40011024	KJV
40011027	KJV
40012001	KJV
40012008	KJV
40012013	KJV
40012021	KJV
40012030	KJV
40012037	KJV
40012045	KJV
40013001	KJV
40013002	KJV
40013009	KJV
40013017	KJV
40013023	KJV
40013030	KJV
40013032	KJV
40013033	KJV
40013035	KJV
40013043	KJV
40013044	KJV
40013046	KJV
40013052	KJV
40013053	KJV
40014001	KJV
40014002	KJV
40014012	KJV
40014014	KJV
40014021	KJV
40014033	KJV
40015001	KJV
40015020	KJV
40015028	KJV
40015031	KJV
40016001	KJV
40016005	KJV
40016012	KJV
40016015	KJV
40016020	KJV
40016023	KJV
40017001	KJV
40017008	KJV
40017013	KJV
40017018	KJV
40017021	KJV
40017023	KJV
40018001	KJV
40018006	KJV
40018014	KJV
40018020	KJV
40019001	KJV
40019002	KJV
40019012	KJV
40019015	KJV
40019022	KJV
40019026	KJV
40020001	KJV
40020016	KJV
40020019	KJV
40020029	KJV
40021001	KJV
40021011	KJV
40021017	KJV
40021022	KJV
40021027	KJV
40021032	KJV
40022001	KJV
40022010	KJV
40022014	KJV
40022022	KJV
40022033	KJV
40022040	KJV
40023001	KJV
40023012	KJV
40023022	KJV
40023033	KJV
40023036	KJV
40024001	KJV
40024002	KJV
40024014	KJV
40024028	KJV
40024035	KJV
40024041	KJV
40025001	KJV
40025013	KJV
40025030	KJV
40026001	KJV
40026005	KJV
40026013	KJV
40026016	KJV
40026019	KJV
40026025	KJV
40026029	KJV
40026035	KJV
40026046	KJV
40026056	KJV
40026068	KJV
40027001	KJV
40027002	KJV
40027010	KJV
40027018	KJV
40027023	KJV
40027025	KJV
40027028	KJV
40027032	KJV
40027038	KJV
40027049	KJV
40027053	KJV
40027056	KJV
40027061	KJV
40028001	KJV
40028008	KJV
40028010	KJV
40028015	KJV
41001001	KJV
41001008	KJV
41001011	KJV
41001013	KJV
41001015	KJV
41001020	KJV
41001028	KJV
41001031	KJV
41001034	KJV
41001037	KJV
41001039	KJV
41002001	KJV
41002012	KJV
41002014	KJV
41002017	KJV
41002022	KJV
41003001	KJV
41003006	KJV
41003012	KJV
41003019	KJV
41003021	KJV
41003030	KJV
41004001	KJV
41004009	KJV
41004013	KJV
41004020	KJV
41004025	KJV
41004029	KJV
41004032	KJV
41004034	KJV
41005001	KJV
41005010	KJV
41005017	KJV
41005020	KJV
41005024	KJV
41005034	KJV
41006001	KJV
41006006	KJV
41006013	KJV
41006020	KJV
41006029	KJV
41006034	KJV
41006044	KJV
41006052	KJV
41007001	KJV
41007004	KJV
41007013	KJV
41007023	KJV
41007030	KJV
41008001	KJV
41008009	KJV
41008013	KJV
41008021	KJV
41008026	KJV
41008030	KJV
41008033	KJV
41009001	KJV
41009001	KJV
41009008	KJV
41009010	KJV
41009013	KJV
41009016	KJV
41009029	KJV
41009032	KJV
41009037	KJV
41010001	KJV
41010001	KJV
41010012	KJV
41010016	KJV
41010022	KJV
41010027	KJV
41010031	KJV
41010034	KJV
41010045	KJV
41011001	KJV
41011011	KJV
41011014	KJV
41011019	KJV
41011024	KJV
41011026	KJV
41012001	KJV
41012012	KJV
41012017	KJV
41012027	KJV
41012034	KJV
41012037	KJV
41012040	KJV
41013001	KJV
41013002	KJV
41013008	KJV
41013013	KJV
41013023	KJV
41013027	KJV
41013031	KJV
41014001	KJV
41014002	KJV
41014009	KJV
41014011	KJV
41014016	KJV
41014021	KJV
41014025	KJV
41014031	KJV
41014042	KJV
41014045	KJV
41014050	KJV
41014052	KJV
41014054	KJV
41014059	KJV
41014065	KJV
41015001	KJV
41015005	KJV
41015014	KJV
41015020	KJV
41015021	KJV
41015028	KJV
41015032	KJV
41015038	KJV
41015041	KJV
41016001	KJV
41016008	KJV
41016011	KJV
41016013	KJV
41016018	KJV
42001001	KJV
42001004	KJV
42001007	KJV
42001010	KJV
42001020	KJV
42001022	KJV
42001025	KJV
42001038	KJV
42001045	KJV
42001056	KJV
42001066	KJV
42002001	KJV
42002007	KJV
42002014	KJV
42002020	KJV
42002021	KJV
42002024	KJV
42002033	KJV
42002035	KJV
42002038	KJV
42002040	KJV
42002045	KJV
42003001	KJV
42003002	KJV
42003006	KJV
42003009	KJV
42003014	KJV
42003018	KJV
42003020	KJV
42003022	KJV
42004001	KJV
42004012	KJV
42004013	KJV
42004015	KJV
42004021	KJV
42004028	KJV
42004029	KJV
42004032	KJV
42004037	KJV
42004039	KJV
42005001	KJV
42005011	KJV
42005015	KJV
42005017	KJV
42005026	KJV
42005032	KJV
42005035	KJV
42006001	KJV
42006005	KJV
42006012	KJV
42006016	KJV
42006019	KJV
42006026	KJV
42006038	KJV
42006045	KJV
42007001	KJV
42007006	KJV
42007010	KJV
42007018	KJV
42007023	KJV
42007030	KJV
42007035	KJV
42007038	KJV
42007040	KJV
42007048	KJV
42008001	KJV
42008003	KJV
42008010	KJV
42008015	KJV
42008018	KJV
42008021	KJV
42008025	KJV
42008036	KJV
42008040	KJV
42008042	KJV
42008048	KJV
42009001	KJV
42009006	KJV
42009009	KJV
42009017	KJV
42009022	KJV
42009027	KJV
42009036	KJV
42009042	KJV
42009045	KJV
42009048	KJV
42009050	KJV
42009056	KJV
42010001	KJV
42010016	KJV
42010020	KJV
42010022	KJV
42010024	KJV
42010029	KJV
42010037	KJV
42011001	KJV
42011004	KJV
42011013	KJV
42011016	KJV
42011026	KJV
42011028	KJV
42011032	KJV
42011034	KJV
42011036	KJV
42011044	KJV
42011052	KJV
42012001	KJV
42012003	KJV
42012007	KJV
42012012	KJV
42012015	KJV
42012021	KJV
42012031	KJV
42012040	KJV
42012048	KJV
42012053	KJV
42012057	KJV
42013001	KJV
42013005	KJV
42013010	KJV
42013017	KJV
42013022	KJV
42013030	KJV
42013033	KJV
42014001	KJV
42014006	KJV
42014011	KJV
42014014	KJV
42014024	KJV
42014033	KJV
42015001	KJV
42015002	KJV
42015007	KJV
42015010	KJV
42016001	KJV
42016013	KJV
42016018	KJV
42017001	KJV
42017002	KJV
42017004	KJV
42017010	KJV
42017016	KJV
42017019	KJV
42017025	KJV
42017030	KJV
42018001	KJV
42018008	KJV
42018014	KJV
42018017	KJV
42018027	KJV
42018030	KJV
42018034	KJV
42019001	KJV
42019004	KJV
42019011	KJV
42019027	KJV
42019040	KJV
42019044	KJV
42020001	KJV
42020008	KJV
42020018	KJV
42020026	KJV
42020033	KJV
42020038	KJV
42020044	KJV
42021001	KJV
42021004	KJV
42021009	KJV
42021015	KJV
42021019	KJV
42021024	KJV
42021028	KJV
42021033	KJV
42021036	KJV
42022001	KJV
42022002	KJV
42022006	KJV
42022013	KJV
42022016	KJV
42022018	KJV
42022020	KJV
42022023	KJV
42022030	KJV
42022034	KJV
42022038	KJV
42022046	KJV
42022049	KJV
42022053	KJV
42022062	KJV
42022065	KJV
42023001	KJV
42023007	KJV
42023011	KJV
42023012	KJV
42023025	KJV
42023026	KJV
42023032	KJV
42023038	KJV
42023043	KJV
42023049	KJV
42024001	KJV
42024012	KJV
42024016	KJV
42024024	KJV
42024029	KJV
42024032	KJV
42024035	KJV
42024040	KJV
42024043	KJV
42024049	KJV
43001001	KJV
43001005	KJV
43001014	KJV
43001018	KJV
43001023	KJV
43001028	KJV
43001034	KJV
43001042	KJV
43001044	KJV
43001049	KJV
43002001	KJV
43002011	KJV
43002012	KJV
43002017	KJV
43002022	KJV
43003003	KJV
43003008	KJV
43003021	KJV
43003024	KJV
43004001	KJV
43004004	KJV
43004006	KJV
43004008	KJV
43004020	KJV
43004026	KJV
43004030	KJV
43004038	KJV
43004042	KJV
43004045	KJV
43005001	KJV
43005009	KJV
43005016	KJV
43005031	KJV
43005038	KJV
43006001	KJV
43006004	KJV
43006014	KJV
43006021	KJV
43006024	KJV
43006029	KJV
43006040	KJV
43006046	KJV
43006051	KJV
43006059	KJV
43006065	KJV
43007001	KJV
43007009	KJV
43007013	KJV
43007024	KJV
43007031	KJV
43007039	KJV
43007044	KJV
43008001	KJV
43008011	KJV
43008019	KJV
43008020	KJV
43008030	KJV
43008041	KJV
43008047	KJV
43009001	KJV
43009007	KJV
43009012	KJV
43009017	KJV
43009023	KJV
43009038	KJV
43010001	KJV
43010006	KJV
43010018	KJV
43010020	KJV
43010021	KJV
43010030	KJV
43010038	KJV
43011001	KJV
43011005	KJV
43011011	KJV
43011019	KJV
43011031	KJV
43011037	KJV
43011046	KJV
43011054	KJV
43012001	KJV
43012008	KJV
43012011	KJV
43012019	KJV
43012022	KJV
43012036	KJV
43012041	KJV
43012043	KJV
43013001	KJV
43013001	KJV
43013011	KJV
43013020	KJV
43013030	KJV
43013035	KJV
43014001	KJV
43014007	KJV
43014014	KJV
43014021	KJV
43014024	KJV
43015001	KJV
43015010	KJV
43015016	KJV
43016001	KJV
43016011	KJV
43016016	KJV
43016024	KJV
43017001	KJV
43018001	KJV
43018011	KJV
43018014	KJV
43018016	KJV
43018018	KJV
43018024	KJV
43018027	KJV
43018032	KJV
43018038	KJV
43019001	KJV
43019007	KJV
43019012	KJV
43019016	KJV
43019018	KJV
43019022	KJV
43019024	KJV
43019027	KJV
43019030	KJV
43019037	KJV
43020001	KJV
43020010	KJV
43020018	KJV
43020023	KJV
43020025	KJV
43020029	KJV
43021001	KJV
43021003	KJV
43021008	KJV
43021014	KJV
43021019	KJV
43021023	KJV
43021024	KJV
44001001	KJV
44001005	KJV
44001011	KJV
44001014	KJV
44001015	KJV
44002001	KJV
44002004	KJV
44002013	KJV
44002036	KJV
44002040	KJV
44003001	KJV
44003005	KJV
44003011	KJV
44003018	KJV
44004001	KJV
44004004	KJV
44004007	KJV
44004012	KJV
44004018	KJV
44004022	KJV
44004030	KJV
44004035	KJV
44005001	KJV
44005006	KJV
44005011	KJV
44005016	KJV
44005024	KJV
44005028	KJV
44005033	KJV
44005040	KJV
44006001	KJV
44006008	KJV
44007001	KJV
44007002	KJV
44007005	KJV
44007019	KJV
44007036	KJV
44007047	KJV
44007050	KJV
44007053	KJV
44008001	KJV
44008003	KJV
44008008	KJV
44008013	KJV
44008017	KJV
44008024	KJV
44008025	KJV
44008028	KJV
44008034	KJV
44009001	KJV
44009009	KJV
44009019	KJV
44009022	KJV
44009025	KJV
44009030	KJV
44009031	KJV
44009035	KJV
44010001	KJV
44010008	KJV
44010016	KJV
44010023	KJV
44010033	KJV
44011001	KJV
44011018	KJV
44011021	KJV
44011026	KJV
44012001	KJV
44012005	KJV
44012009	KJV
44012011	KJV
44012017	KJV
44012019	KJV
44012023	KJV
44013001	KJV
44013003	KJV
44013005	KJV
44013008	KJV
44013012	KJV
44013013	KJV
44013015	KJV
44013022	KJV
44013031	KJV
44013037	KJV
44013041	KJV
44013043	KJV
44013045	KJV
44013047	KJV
44014001	KJV
44014007	KJV
44014010	KJV
44014018	KJV
44014020	KJV
44014023	KJV
44015001	KJV
44015003	KJV
44015005	KJV
44015011	KJV
44015012	KJV
44015021	KJV
44015029	KJV
44015035	KJV
44015040	KJV
44016001	KJV
44016005	KJV
44016010	KJV
44016013	KJV
44016015	KJV
44016018	KJV
44016024	KJV
44016034	KJV
44016039	KJV
44017001	KJV
44017004	KJV
44017009	KJV
44017014	KJV
44017021	KJV
44017022	KJV
44017031	KJV
44018001	KJV
44018004	KJV
44018011	KJV
44018018	KJV
44018022	KJV
44018023	KJV
44019001	KJV
44019005	KJV
44019008	KJV
44019010	KJV
44019012	KJV
44019020	KJV
44019022	KJV
44019028	KJV
44019034	KJV
44020001	KJV
44020005	KJV
44020008	KJV
44020012	KJV
44020016	KJV
44020027	KJV
44020031	KJV
44020035	KJV
44021001	KJV
44021002	KJV
44021006	KJV
44021007	KJV
44021009	KJV
44021012	KJV
44021014	KJV
44021016	KJV
44021019	KJV
44021025	KJV
44021026	KJV
44021029	KJV
44021033	KJV
44021036	KJV
44022001	KJV
44022002	KJV
44022021	KJV
44022029	KJV
44023001	KJV
44023005	KJV
44023009	KJV
44023011	KJV
44023015	KJV
44023022	KJV
44023024	KJV
44023030	KJV
44024001	KJV
44024009	KJV
44024021	KJV
44024023	KJV
44025001	KJV
44025005	KJV
44025012	KJV
44025022	KJV
44026001	KJV
44026001	KJV
44026011	KJV
44026018	KJV
44026023	KJV
44026024	KJV
44026027	KJV
44026028	KJV
44026029	KJV
44027001	KJV
44027004	KJV
44027008	KJV
44027012	KJV
44027020	KJV
44027026	KJV
44027029	KJV
44027032	KJV
44027037	KJV
44027041	KJV
44028001	KJV
44028002	KJV
44028006	KJV
44028010	KJV
44028015	KJV
44028022	KJV
44028029	KJV
45001001	KJV
45001007	KJV
45001017	KJV
45001023	KJV
45002001	KJV
45002011	KJV
45002016	KJV
45003001	KJV
45003008	KJV
45003018	KJV
45003020	KJV
45003026	KJV
45004001	KJV
45004012	KJV
45005001	KJV
45005011	KJV
45005017	KJV
45006001	KJV
45006011	KJV
45006014	KJV
45007001	KJV
45007006	KJV
45007012	KJV
45008001	KJV
45008013	KJV
45008017	KJV
45008025	KJV
45008030	KJV
45009001	KJV
45009013	KJV
45009018	KJV
45009026	KJV
45009029	KJV
45010001	KJV
45010015	KJV
45011001	KJV
45011008	KJV
45011010	KJV
45011012	KJV
45011016	KJV
45011018	KJV
45011019	KJV
45011024	KJV
45011033	KJV
45012001	KJV
45012002	KJV
45012008	KJV
45013001	KJV
45013010	KJV
45014001	KJV
45014012	KJV
45015001	KJV
45015006	KJV
45015013	KJV
45015021	KJV
45015029	KJV
45016001	KJV
45016002	KJV
45016016	KJV
45016020	KJV
45016020	KJV
45016024	KJV
46001001	KJV
46001003	KJV
46001009	KJV
46001017	KJV
46001020	KJV
46001025	KJV
46002001	KJV
46002005	KJV
46003001	KJV
46003002	KJV
46003009	KJV
46003015	KJV
46003017	KJV
46004001	KJV
46004005	KJV
46004013	KJV
46004017	KJV
46005001	KJV
46005008	KJV
46006001	KJV
46006003	KJV
46006011	KJV
46007001	KJV
46007007	KJV
46007016	KJV
46007024	KJV
46007025	KJV
46007035	KJV
46007038	KJV
46008001	KJV
46009001	KJV
46009002	KJV
46009018	KJV
46009023	KJV
46010001	KJV
46010005	KJV
46010011	KJV
46010013	KJV
46010022	KJV
46010024	KJV
46010030	KJV
46011001	KJV
46011002	KJV
46011016	KJV
46012001	KJV
46012003	KJV
46012011	KJV
46013001	KJV
46014001	KJV
46014005	KJV
46014019	KJV
46014025	KJV
46014033	KJV
46014036	KJV
46015001	KJV
46015011	KJV
46015019	KJV
46015028	KJV
46015034	KJV
46016001	KJV
46016004	KJV
46016009	KJV
46016011	KJV
46016012	KJV
46016014	KJV
46016018	KJV
46016020	KJV
47001001	KJV
47001002	KJV
47001011	KJV
47001014	KJV
47001022	KJV
47002001	KJV
47002004	KJV
47002011	KJV
47002014	KJV
47003001	KJV
47003003	KJV
47003006	KJV
47003011	KJV
47003016	KJV
47004001	KJV
47004006	KJV
47004015	KJV
47005001	KJV
47005005	KJV
47005010	KJV
47005015	KJV
47005019	KJV
47006001	KJV
47006010	KJV
47006013	KJV
47007001	KJV
47007001	KJV
47007004	KJV
47007012	KJV
47008001	KJV
47008007	KJV
47008015	KJV
47009001	KJV
47009005	KJV
47010001	KJV
47011001	KJV
47011006	KJV
47011011	KJV
47011015	KJV
47012001	KJV
47012010	KJV
47012018	KJV
47013001	KJV
47013010	KJV
47013013	KJV
48001001	KJV
48001005	KJV
48001009	KJV
48001012	KJV
48002001	KJV
48002014	KJV
48003001	KJV
48003006	KJV
48003009	KJV
48003014	KJV
48003018	KJV
48003022	KJV
48003025	KJV
48004001	KJV
48004005	KJV
48004007	KJV
48004011	KJV
48004020	KJV
48004027	KJV
48005001	KJV
48005006	KJV
48005012	KJV
48005015	KJV
48005024	KJV
48006001	KJV
48006005	KJV
48006010	KJV
48006016	KJV
49001001	KJV
49001002	KJV
49001014	KJV
49002001	KJV
49002010	KJV
49003001	KJV
49003013	KJV
49004001	KJV
49004016	KJV
49004024	KJV
49005001	KJV
49005002	KJV
49005005	KJV
49005014	KJV
49005021	KJV
49006001	KJV
49006004	KJV
49006009	KJV
49006020	KJV
49006022	KJV
50001001	KJV
50001002	KJV
50001011	KJV
50001014	KJV
50001017	KJV
50001020	KJV
50001026	KJV
50002001	KJV
50002011	KJV
50002018	KJV
50003001	KJV
50003001	KJV
50003003	KJV
50003016	KJV
50004001	KJV
50004001	KJV
50004003	KJV
50004007	KJV
50004009	KJV
50004020	KJV
50004022	KJV
51001001	KJV
51001002	KJV
51001008	KJV
51001014	KJV
51001020	KJV
51002001	KJV
51002005	KJV
51002007	KJV
51002015	KJV
51002019	KJV
51003001	KJV
51003004	KJV
51003011	KJV
51003017	KJV
51003019	KJV
51003021	KJV
51004001	KJV
51004001	KJV
51004006	KJV
51004009	KJV
51004017	KJV
52001001	KJV
52001001	KJV
52002001	KJV
52002012	KJV
52002016	KJV
52003001	KJV
52003010	KJV
52004001	KJV
52004002	KJV
52004008	KJV
52004012	KJV
52005001	KJV
52005011	KJV
52005022	KJV
52005024	KJV
52005025	KJV
52005027	KJV
53001001	KJV
53001002	KJV
53001010	KJV
53002001	KJV
53002012	KJV
53003001	KJV
53003002	KJV
53003005	KJV
53003016	KJV
54001001	KJV
54001002	KJV
54001007	KJV
54001011	KJV
54001017	KJV
54002001	KJV
54002004	KJV
54002007	KJV
54002010	KJV
54003001	KJV
54003013	KJV
54004001	KJV
54004005	KJV
54004010	KJV
54005001	KJV
54005016	KJV
54006001	KJV
54006002	KJV
54006010	KJV
54006016	KJV
54006019	KJV
55001001	KJV
55001002	KJV
55001014	KJV
55002001	KJV
55002013	KJV
55003001	KJV
55004001	KJV
55004005	KJV
55004008	KJV
55004018	KJV
55004021	KJV
55004021	KJV
56001001	KJV
56001004	KJV
56001009	KJV
56002001	KJV
56002010	KJV
56003001	KJV
56003011	KJV
56003014	KJV
57001001	KJV
57001003	KJV
57001007	KJV
57001020	KJV
57001022	KJV
57001024	KJV
58001001	KJV
58001013	KJV
58002001	KJV
58002004	KJV
58002013	KJV
58003001	KJV
58003011	KJV
58004001	KJV
58004013	KJV
58005001	KJV
58005010	KJV
58006001	KJV
58006008	KJV
58006012	KJV
58007001	KJV
58007003	KJV
58007010	KJV
58007025	KJV
58008001	KJV
58009001	KJV
58009010	KJV
58009014	KJV
58009022	KJV
58010001	KJV
58010018	KJV
58010025	KJV
58010031	KJV
58011001	KJV
58011002	KJV
58011012	KJV
58011016	KJV
58011031	KJV
58011038	KJV
58012001	KJV
58012013	KJV
58012017	KJV
58013001	KJV
58013007	KJV
58013016	KJV
58013017	KJV
58013019	KJV
58013021	KJV
58013022	KJV
59001001	KJV
59001001	KJV
59001004	KJV
59001011	KJV
59001018	KJV
59002001	KJV
59002013	KJV
59003001	KJV
59003012	KJV
59004001	KJV
59004010	KJV
59004012	KJV
59005001	KJV
59005006	KJV
59005011	KJV
59005012	KJV
60001001	KJV
60001002	KJV
60001009	KJV
60001012	KJV
60001021	KJV
60002001	KJV
60002008	KJV
60002010	KJV
60002012	KJV
60002017	KJV
60003001	KJV
60003006	KJV
60003007	KJV
60003012	KJV
60004001	KJV
60004006	KJV
60004011	KJV
60005001	KJV
60005011	KJV
60005014	KJV
61001001	KJV
61001011	KJV
61002001	KJV
61002011	KJV
61003001	KJV
61003007	KJV
61003013	KJV
61003016	KJV
62001001	KJV
62001004	KJV
62001005	KJV
62002001	KJV
62002006	KJV
62002008	KJV
62002011	KJV
62002017	KJV
62002021	KJV
62002025	KJV
62003001	KJV
62003003	KJV
62003008	KJV
62003012	KJV
62003018	KJV
62004001	KJV
62004003	KJV
62004006	KJV
62004010	KJV
62004015	KJV
62005001	KJV
62005012	KJV
62005017	KJV
63001001	KJV
63001003	KJV
63001011	KJV
64001001	KJV
64001001	KJV
64001004	KJV
64001008	KJV
64001010	KJV
64001011	KJV
64001012	KJV
65001001	KJV
65001002	KJV
65001004	KJV
65001007	KJV
65001013	KJV
65001015	KJV
65001016	KJV
65001023	KJV
66001001	KJV
66001003	KJV
66001008	KJV
66001011	KJV
66002001	KJV
66002007	KJV
66002011	KJV
66002017	KJV
66003001	KJV
66003006	KJV
66003013	KJV
66004001	KJV
66004001	KJV
66005001	KJV
66006001	KJV
66006002	KJV
66006004	KJV
66006006	KJV
66006008	KJV
66006011	KJV
66007001	KJV
66007008	KJV
66007010	KJV
66007012	KJV
66008001	KJV
66008001	KJV
66008002	KJV
66008005	KJV
66008006	KJV
66008007	KJV
66008009	KJV
66008011	KJV
66008012	KJV
66009001	KJV
66009011	KJV
66009012	KJV
66010001	KJV
66011001	KJV
66011013	KJV
66011014	KJV
66011018	KJV
66012001	KJV
66012006	KJV
66012012	KJV
66013001	KJV
66013006	KJV
66013010	KJV
66014001	KJV
66014005	KJV
66014007	KJV
66014008	KJV
66014012	KJV
66014013	KJV
66014016	KJV
66015001	KJV
66015001	KJV
66015004	KJV
66016001	KJV
66016001	KJV
66016002	KJV
66016003	KJV
66016007	KJV
66016009	KJV
66016011	KJV
66016016	KJV
66017001	KJV
66017006	KJV
66018001	KJV
66018003	KJV
66018020	KJV
66019001	KJV
66019010	KJV
66019016	KJV
66019018	KJV
66020001	KJV
66020003	KJV
66020006	KJV
66020010	KJV
66021001	KJV
66021008	KJV
66022001	KJV
66022005	KJV
66022007	KJV
66022009	KJV
66022015	KJV
66022016	KJV
66022017	KJV
66022019	KJV
66022020	KJV
